songIndex,songName,artistName
1,House of the Rising Sun,The Animals
2,Drunkship of Lanterns,The Mars Volta
3,Stand by Me,Pennywise
4,Smile,AFI
5,Let Me Be Your Cigarette,Dax Riggs
6,Overcome,Rx Bandits
7,Unstitch Your Mouth,Sparta
8,Cold and Ugly,Tool
9,Higher Ground,Weekend Players
10,The Band Geek Mafia,Voodoo Glow Skulls
11,Money Maker,The Black Keys
12,40oz to Freedom,Sublime
13,Across The Sea,Weezer
14,My Only One,Plain White T's
15,My Own Summer,Deftones
16,Never An Easy Way,Morcheeba
17,Swamp Music,Lynyrd Skynyrd